id,timestamp,operation_name,client_name,client_version,status_code
54090363-0ef3-44c2-b3d9-f13e48a7e8d3,2025-01-14T21:45:07.432935+00:00,RandomQuery16,k6,loadtest,200
3463e17d-c84e-465c-9849-11e335c8f467,2025-01-14T21:45:07.483656+00:00,RandomQuery9,k6,loadtest,200
a567a8af-eb76-41af-a1b5-e0122da6c506,2025-01-14T21:45:07.522384+00:00,RandomQuery8,k6,loadtest,200
d98181a3-64dd-467c-b1de-a4cdc8936061,2025-01-14T21:45:07.462087+00:00,RandomQuery23,k6,loadtest,200
e2910169-3be7-4fda-8dc8-34300487b817,2025-01-14T21:45:07.514108+00:00,RandomQuery9,k6,loadtest,200
d566072d-197d-4f33-810d-5d9765e05527,2025-01-14T21:45:07.423877+00:00,RandomQuery30,k6,loadtest,200
05319463-665c-4b25-b656-e9864dcf674b,2025-01-14T21:45:07.653907+00:00,RandomQuery16,k6,loadtest,200
1387625a-78ee-48ff-a5d9-89a982a24ca4,2025-01-14T21:45:07.709350+00:00,RandomQuery21,k6,loadtest,200
7c0c1c98-af9a-4d56-8c43-61cc4d2f4c8d,2025-01-14T21:45:07.785621+00:00,RandomQuery17,k6,loadtest,200
bd6c6875-9b61-4e05-90a2-f368c4fe964c,2025-01-14T21:45:07.681208+00:00,RandomQuery23,k6,loadtest,200
